Article;Absolutes;Achievement;Avg_sent_length;Confidence;Empathy;Endophoric;Evidence;First_Person;FRE;Hedges;Intext_citations;Negate;Negative_emotions;Num_Authors;Pvalues;Page_length;Polarity;Ref_Diversity;Reward;Sample;Sensory;Subjectivity;Third_Person;Time_Delta;Volume;Word_count;Special;citationNumCrossRef;CitationNumGoogle;Rank
art_1;0.01;0.09;37.4;0;0;0;0;0.02;25.05;0.02;76;0.01;0.03;3;3;10;0.146;0.31;0.07;70;0;0.468;0.04;140;18;8940;0;125;305;1
art_2;0.01;0.09;30.6;0;0.01;0.02;0.01;0;31.96;0.01;65;0.01;0.02;2;2;10;0.129;0.45;0.06;33;0.01;0.408;0.05;143;18;7348;0;48;101;2
art_3;0;0.11;33.8;0;0;0.01;0.01;0.01;20.25;0.01;55;0;0.02;2;3;10;0.213;0.39;0.07;158;0;0.452;0.06;146;18;7944;0;86;221;1
art_4;0.01;0.06;24.9;0;0.01;0.01;0;0.01;29.28;0.02;53;0.01;0.08;2;4;9;0.082;0.55;0.03;23;0;0.413;0.04;146;18;7584;0;29;52;2
art_5;0.01;0.21;32.1;0;0.01;0;0;0;30.43;0.01;43;0.01;0.04;1;2;15;0.059;0.44;0.1;60;0;0.442;0.04;140;18;12426;0;31;63;2
art_6;0.01;0.06;32.9;0;0;0.01;0;0.01;21.16;0.02;59;0.02;0.03;2;2;12;0.04;0.34;0.03;45;0;0.412;0.03;140;18;9172;0;86;185;3
art_7;0.03;0.07;35.9;1;0.01;0.01;0.01;0.01;18.12;0.03;39;0.02;0.02;3;0;12;0.082;0.38;0.07;33;0;0.451;0.04;146;18;9308;0;65;164;3
art_8;0.02;0.09;35.2;0;0;0.01;0.01;0.01;18.83;0.01;68;0.01;0.02;2;4;16;0.15;0.52;0.11;15;0;0.537;0.04;149;18;11826;0;68;160;1
art_9;0;0.04;31.9;0;0;0.01;0.01;0.01;30.64;0.02;18;0.01;0.01;3;3;8;0.077;0.73;0.02;30;0;0.395;0.03;131;19;6506;0;17;55;17
art_10;0;0.13;37.5;0;0.01;0.01;0.01;0.01;24.95;0.02;48;0.01;0.03;3;3;9;0.127;0.49;0.03;24;0;0.347;0.03;137;19;7726;0;14;23;4
art_11;0;0.06;36.8;0;0;0;0;0.01;8.74;0.01;58;0;0.01;1;4;10;0.102;0.34;0.02;90;0;0.399;0.03;131;19;7108;0;18;31;11
art_12;0.01;0.13;34;0;0;0;0;0.01;28.51;0.02;50;0;0.03;3;2;8;0.113;0.38;0.1;71;0;0.456;0.05;131;19;7011;0;4;12;18
art_13;0.01;0.05;35.9;0;0.01;0.01;0;0.02;18.12;0.02;43;0.01;0;2;0;13;0.052;0.54;0.01;34;0;0.355;0.03;134;19;9859;0;33;45;1
art_14;0.02;0.11;37.9;0;0;0;0;0.01;16.09;0.01;42;0.01;0.06;2;2;7;0.107;0.21;0.12;94;0;0.489;0.04;131;19;5226;0;10;19;4
art_15;0.01;0.07;37.1;0;0;0.01;0;0.01;25.36;0.02;35;0.01;0.03;2;2;12;0.119;0.46;0.07;126;0;0.447;0.04;134;19;10605;0;3;13;2
art_16;0.01;0.11;36.8;0;0;0;0;0;17.2;0.02;49;0.02;0.01;3;3;13;0.097;0.68;0.11;15;0;0.463;0.04;128;19;9851;0;5;9;3
art_17;0.02;0.07;40.3;0;0;0;0;0.01;13.65;0.02;51;0.01;0.03;4;4;9;0.088;0.31;0.06;49;0;0.34;0.07;134;19;7620;0;17;41;5
art_18;0.01;0.18;31.9;0;0;0;0;0;22.18;0.02;40;0.01;0.01;2;2;8;0.063;0.5;0.09;136;0;0.427;0.04;128;19;5996;0;13;23;5
art_19;0.01;0.14;29.5;0;0.01;0.03;0.01;0.01;24.61;0.01;60;0.01;0.02;2;2;10;0.11;0.43;0.08;89;0;0.51;0.06;128;19;7309;0;109;224;1
art_20;0.01;0.06;32.7;0;0;0;0;0.01;29.82;0.02;47;0.01;0.01;3;2;10;0.098;0.61;0.03;68;0;0.438;0.06;131;19;7203;0;63;155;3
art_21;0.03;0.09;32;0;0;0.01;0.01;0.02;22.08;0.02;35;0.01;0.01;2;4;9;0.04;0.44;0.08;72;0.01;0.517;0.05;128;19;6822;0;18;35;2
art_22;0.01;0.13;33.7;0;0.01;0.01;0;0.01;28.81;0.03;75;0.01;0.03;3;3;13;0.166;0.47;0.3;15;0.01;0.504;0.05;134;19;11001;0;41;78;3
art_23;0.01;0.1;34.4;0;0.01;0.01;0.01;0.01;11.18;0.02;83;0.01;0.04;3;2;11;0.103;0.51;0.07;180;0.01;0.383;0.03;128;19;8423;0;7;11;6
art_24;0.01;0.07;27.6;0;0.01;0.01;0.01;0.01;18.08;0.02;55;0.01;0.01;2;4;11;0.04;0.47;0.03;35;0;0.503;0.04;131;19;7464;0;9;28;14
art_25;0.01;0.09;34.8;0;0;0.01;0.01;0.01;10.77;0.01;67;0.01;0.01;2;3;10;0.072;0.5;0.03;50;0;0.375;0.04;131;19;7336;0;8;12;13
art_26;0.02;0.12;26.4;0;0;0.01;0.01;0.01;36.22;0.02;62;0.01;0.01;2;3;9;0.063;0.64;0.02;120;0;0.392;0.04;131;19;7646;0;12;15;6
art_27;0.01;0.13;28.2;0;0;0.01;0.01;0.01;25.93;0.02;43;0;0.02;3;0;9;0.111;0.29;0.08;85;0;0.513;0.04;131;19;6973;0;17;37;1
art_28;0.01;0.38;34.3;0;0.01;0.01;0.01;0.01;19.74;0.02;53;0.01;0.01;2;2;8;0.24;0.39;0.16;215;0;0.487;0.05;128;19;6645;0;15;46;4
art_29;0.01;0.12;30.5;0;0.01;0.01;0.01;0.01;32.06;0.02;49;0.02;0.01;2;4;11;0.089;0.38;0.1;333;0;0.412;0.05;131;19;9106;0;65;128;5
art_30;0.01;0.16;31.6;0;0;0.01;0.01;0.01;22.48;0.02;40;0.01;0.05;3;0;8;0.116;0.47;0.05;95;0.01;0.438;0.04;131;19;6697;0;37;99;20
art_31;0.01;0.26;33.1;0;0.01;0.01;0;0.01;29.42;0.02;42;0.01;0.08;3;2;9;0.085;0.52;0.21;140;0;0.476;0.05;131;19;7800;0;13;36;15
art_32;0.01;0.08;32.7;0;0;0.01;0.01;0.01;12.9;0.03;29;0.01;0.03;3;2;12;0.095;0.39;0.03;100;0.03;0.481;0.04;131;19;9837;0;0;3;12
art_33;0.01;0.09;33.7;1;0;0.01;0.01;0.02;20.35;0.02;67;0.01;0.02;2;4;12;0.073;0.38;0.05;630;0;0.457;0.05;131;19;9056;0;30;62;10
art_34;0.01;0.05;35;0;0;0;0;0;27.49;0.02;98;0.01;0.01;1;3;14;0.103;0.38;0.04;293;0;0.35;0.05;131;19;11361;0;11;26;8
art_35;0.01;0.05;33;0;0;0.01;0.01;0.01;21.06;0.02;32;0.02;0.01;2;2;11;0.122;0.39;0.06;168;0;0.454;0.05;131;19;8906;0;14;25;2
art_36;0.01;0.18;31.7;0;0;0.01;0.01;0.02;30.84;0.02;47;0.01;0.03;2;4;9;0.183;0.66;0.14;16;0.01;0.493;0.06;134;19;7680;0;9;13;7
art_37;0.01;0.13;34.1;0;0;0;0;0.01;28.4;0.03;76;0.01;0.08;5;4;17;0.056;0.43;0.13;199;0.01;0.431;0.05;131;19;14059;0;29;63;7
art_38;0.01;0.13;30.8;0;0;0.01;0.01;0.01;23.29;0.02;51;0.01;0.01;4;2;9;0.117;0.4;0.07;11;0;0.443;0.05;137;19;7112;0;46;112;1
art_39;0.01;0.08;45.2;0;0;0.01;0;0.01;17.14;0.01;77;0.01;0;2;2;11;0.113;0.6;0.05;12;0;0.41;0.05;134;19;9989;0;67;140;4
art_40;0.01;0.08;32;0;0;0.01;0;0.01;22.08;0.01;53;0.01;0.02;4;4;13;0.075;0.57;0.04;60;0;0.435;0.03;131;19;9642;0;24;40;9
art_41;0.01;0.06;28.6;0;0;0.01;0.01;0.01;33.99;0.01;32;0.01;0.02;2;4;9;0.121;0.51;0.07;99;0;0.424;0.04;131;19;8066;0;52;96;21
art_42;0.01;0.06;30;0;0;0.01;0;0.01;15.65;0.02;69;0.01;0.01;2;2;10;0.084;0.47;0.04;55;0;0.458;0.05;137;19;7878;0;15;36;2
art_43;0.02;0.08;35.3;0;0;0.01;0.01;0.01;27.19;0.02;60;0.01;0.01;2;4;10;0.137;0.32;0.09;12;0.01;0.531;0.05;131;19;7664;0;14;32;19
art_44;0.01;0.17;38;0;0;0.01;0.01;0.02;15.99;0.01;67;0.02;0.01;2;2;14;0.041;0.38;0.12;198;0;0.523;0.06;137;19;9241;0;18;27;3
art_45;0.01;0.09;29;0;0;0;0;0;25.12;0.01;67;0.01;0.1;1;4;10;0.1;0.68;0.03;200;0;0.461;0.05;134;19;6904;0;17;36;6
art_46;0.01;0.04;31.6;0;0;0.01;0.01;0.01;30.94;0.02;32;0.01;0.01;2;3;10;0.088;0.37;0.03;541;0;0.382;0.04;131;19;8554;0;34;64;16
art_47;0.02;0.11;37.2;0;0.01;0.01;0;0.01;25.26;0.04;18;0.01;0.02;1;3;6;0.136;0.64;0.07;60;0;0.446;0.06;122;20;5130;0;71;148;2
art_48;0.01;0.16;39;0;0;0;0;0.01;14.97;0.01;58;0;0.01;2;0;11;0.122;0.42;0.11;61;0;0.431;0.04;125;20;8786;0;31;60;2
art_50;0.01;0.07;33.4;0;0;0.01;0;0.01;20.65;0.01;22;0.01;0;2;3;4;0.115;0.43;0.06;80;0;0.386;0.06;116;20;3104;1;23;43;6
art_51;0.01;0.11;33.2;0;0;0;0;0;12.4;0.02;32;0.01;0.02;3;4;7;0.139;0.4;0.06;160;0;0.531;0.03;119;20;5474;0;13;25;1
art_52;0.01;0.07;36.3;0;0;0.01;0;0.01;9.25;0.02;61;0.01;0.02;2;4;11;0.113;0.51;0.05;52;0;0.448;0.04;119;20;8793;0;5;12;7
art_53;0.01;0.27;35.2;0;0;0;0;0;35.75;0.01;74;0.01;0.01;3;3;9;0.06;0.51;0.15;20;0;0.412;0.03;125;20;7575;0;29;59;1
art_55;0.01;0.14;43.8;0;0;0.02;0.01;0.02;1.64;0.02;77;0.01;0.01;2;2;12;0.127;0.36;0.05;150;0;0.466;0.04;122;20;9646;0;12;19;1
art_56;0.01;0.09;29.5;0;0;0;0;0.01;24.61;0.01;32;0.01;0.02;3;4;11;0.145;0.33;0.05;358;0;0.444;0.03;116;20;8651;1;67;139;3
art_57;0.01;0.07;29.1;0;0.01;0;0;0.01;33.48;0.03;32;0.01;0.01;1;0;8;0.134;0.36;0.08;30;0;0.473;0.06;125;20;5782;0;699;1523;3
art_58;0.01;0.25;34.1;0;0;0;0;0.01;19.94;0.02;58;0.01;0.01;2;4;12;0.111;0.6;0.1;43;0;0.393;0.05;119;20;9489;0;25;56;2
art_59;0.01;0.07;28.3;0;0;0.02;0.02;0.03;34.29;0.01;59;0;0;3;2;8;0.15;0.44;0.05;73;0.03;0.471;0.04;116;20;6122;1;100;239;2
art_60;0.01;0.09;32.8;0;0;0.01;0.01;0.01;21.26;0.02;77;0;0.02;2;2;9;0.113;0.56;0.05;35;0;0.463;0.04;116;20;6233;1;60;121;7
art_61;0.01;0.07;32.5;0;0;0.02;0.01;0.02;30.03;0.02;35;0.01;0.01;3;0;9;0.104;0.67;0.02;13;0;0.449;0.04;119;20;7770;0;39;91;5
art_62;0.01;0.04;33.3;0;0.01;0.02;0.01;0.01;29.22;0.01;56;0.01;0.01;2;2;11;0.115;0.61;0.02;37;0;0.399;0.04;116;20;7562;1;76;123;1
art_63;0.01;0.21;32.7;0;0.01;0.02;0.01;0.02;29.82;0.02;56;0.01;0.02;4;4;10;0.157;0.47;0.16;198;0;0.475;0.04;119;20;8300;0;20;39;4
art_64;0.01;0.11;39.5;0;0.01;0.02;0.01;0.02;14.46;0.01;56;0.01;0.05;2;3;10;0.087;0.59;0.04;253;0;0.501;0.04;119;20;7829;0;39;62;3
art_65;0.01;0.11;38.3;0;0;0.02;0.01;0.02;24.14;0.02;60;0.01;0.02;4;4;11;0.119;0.44;0.07;31;0;0.441;0.03;119;20;8841;0;6;15;9
art_66;0.01;0.09;34;0;0;0.02;0.01;0.01;20.05;0.02;86;0.01;0.01;5;4;10;0.126;0.77;0.07;15;0;0.48;0.03;116;20;7077;1;155;336;4
art_67;0.01;0.18;28.6;0;0.01;0.01;0.01;0.01;33.99;0.02;13;0.01;0;2;2;4;0.112;0.65;0.06;203;0;0.41;0.05;119;20;3606;0;14;52;6
art_68;0.01;0.14;32.1;0;0.01;0.02;0.02;0.01;30.43;0.02;88;0.02;0.05;3;2;13;0.106;0.6;0.11;25;0;0.484;0.04;119;20;10018;0;21;34;8
art_69;0.01;0.12;33.6;0;0;0.01;0.01;0.01;20.45;0.02;19;0.01;0.01;2;4;6;0.123;0.76;0.05;255;0;0.422;0.04;116;20;5073;1;41;87;5
art_70;0.01;0.16;28.4;0;0;0.01;0.01;0.02;25.73;0.05;39;0.01;0.01;3;3;12;0.13;0.5;0.06;40;0;0.461;0.03;116;20;8884;1;20;44;8
art_71;0.03;0.24;28.2;0;0;0.01;0;0.01;25.93;0.03;44;0.01;0.01;2;2;8;0.167;0.58;0.23;88;0;0.52;0.05;104;21;5723;1;22;50;5
art_72;0.01;0.11;29.2;0;0.01;0;0;0.01;33.38;0.02;19;0.01;0.02;3;2;4;0.099;0.65;0.11;30;0;0.504;0.05;113;21;2981;1;38;103;1
art_73;0.01;0.15;36.8;0;0;0;0.01;0;25.66;0.02;31;0.01;0.01;2;4;7;0.035;0.5;0.06;70;0;0.398;0.03;113;21;4712;1;39;91;7
art_74;0.01;0.08;24.7;0;0;0.01;0;0.01;21.02;0.02;77;0.01;0.05;2;4;13;0.044;0.44;0.04;80;0;0.431;0.04;107;21;9797;0;34;79;8
art_75;0;0.29;46.1;1;0.01;0;0;0.02;16.22;0.02;51;0.01;0.02;3;4;8;0.186;0.26;0.22;222;0;0.472;0.05;104;21;6227;1;18;40;6
art_76;0.01;0.07;37;0;0;0.01;0.01;0.01;17;0.02;72;0.01;0.02;2;4;13;0.031;0.47;0.07;12;0;0.464;0.05;113;21;10259;1;28;78;4
art_77;0.01;0.16;33;0;0.01;0.01;0.01;0.01;29.52;0.01;49;0.01;0.02;2;2;15;0.109;0.59;0.05;95;0;0.419;0.04;107;21;13191;0;14;18;3
art_78;0.02;0.2;39.8;0;0;0.01;0.01;0.01;5.7;0.01;53;0;0.02;4;3;9;0.095;0.58;0.17;34;0;0.435;0.04;107;21;7168;0;31;78;6
art_79;0.01;0.05;39;0;0.01;0.01;0.01;0.01;14.97;0.02;42;0.01;0.01;3;4;10;0.073;0.37;0.08;103;0;0.424;0.05;113;21;8390;1;41;77;5
art_80;0.01;0.16;33.9;0;0;0.01;0.01;0.01;20.15;0.01;52;0.01;0.02;3;4;12;0.109;0.49;0.05;84;0;0.513;0.04;107;21;9906;0;5;11;4
art_81;0.01;0.07;36.5;0;0;0;0;0.02;25.97;0.02;53;0.01;0.01;2;2;10;0.042;0.61;0.03;100;0;0.395;0.04;107;21;8842;0;28;51;1
art_82;0.01;0.09;34.7;0;0;0.01;0;0.01;27.79;0.02;73;0.01;0.01;2;0;7;0.019;0.39;0.06;20;0;0.456;0.04;113;21;5489;1;37;76;8
art_83;0.01;0.13;33.2;0;0;0;0;0;20.86;0.01;76;0.01;0.07;3;4;11;0.085;0.59;0.03;22;0;0.471;0.03;107;21;7367;0;7;15;7
art_84;0.01;0.13;37.1;0;0;0.01;0.01;0.01;25.36;0.02;56;0.01;0.03;4;2;7;0.087;0.68;0.14;45;0;0.503;0.04;104;21;5526;1;78;172;1
art_85;0.01;0.1;33;0;0;0.01;0.01;0.01;37.98;0.01;59;0;0.01;3;4;10;0.082;0.56;0.1;23;0;0.47;0.04;110;21;8210;0;15;38;1
art_86;0.01;0.14;40.4;0;0.01;0;0;0.01;22.01;0.04;65;0.01;0.13;3;3;8;0.089;0.6;0.02;34;0;0.44;0.03;104;21;6215;1;33;65;2
art_87;0.01;0.15;27;0;0.01;0.01;0.01;0.01;27.15;0.03;47;0.01;0.03;2;4;4;0.14;0.48;0.1;180;0;0.478;0.03;113;21;2998;1;25;62;2
art_88;0.01;0.18;34.8;0;0.01;0.01;0.01;0.02;27.69;0.02;26;0.01;0.02;3;0;7;0.092;0.72;0.04;108;0;0.42;0.04;107;21;5321;0;7;17;10
art_89;0.02;0.07;25.2;0;0;0.01;0.01;0.01;28.98;0.02;27;0.01;0.02;2;4;9;0.097;0.54;0.07;10;0;0.451;0.05;107;21;5937;0;15;30;11
art_90;0.01;0.05;39.5;0;0;0.01;0.01;0.01;31.38;0.03;26;0.01;0.01;3;2;6;0.107;0.59;0.04;50;0.01;0.448;0.04;110;21;4069;0;7;23;3
art_92;0.01;0.13;29.7;0;0;0.01;0.01;0.01;15.95;0.02;78;0.01;0.02;2;0;11;0.118;0.22;0.05;81;0;0.398;0.05;110;21;7556;0;14;35;2
art_93;0.02;0.07;34.7;1;0;0.01;0.01;0;27.79;0.02;81;0.01;0.03;1;2;13;0.106;0.38;0.06;70;0;0.514;0.04;107;21;11046;0;89;205;2
art_94;0.01;0.05;38.3;0;0;0.01;0.01;0.01;15.68;0.01;86;0.01;0.03;2;2;13;0.088;0.55;0.09;67;0.01;0.45;0.04;104;21;10761;1;103;229;3
art_95;0.01;0.07;28.2;0;0;0.01;0.01;0.01;25.93;0.02;27;0.01;0.01;2;4;9;0.023;0.52;0.05;59;0;0.375;0.04;113;21;8017;1;8;12;3
art_96;0.02;0.23;31.9;0;0;0;0;0.01;22.18;0.01;47;0.01;0.05;3;4;7;0.089;0.59;0.17;65;0;0.414;0.05;113;21;5798;1;23;68;6
art_97;0.01;0.11;34.3;0;0;0;0;0.01;28.2;0.02;43;0.01;0.01;4;0;7;0.092;0.54;0.09;15;0;0.427;0.06;110;21;5591;0;25;68;4
art_98;0.01;0.05;38.1;0;0;0;0;0.01;15.88;0.02;31;0.01;0;3;4;7;0.118;0.5;0.01;55;0;0.335;0.04;107;21;5484;0;4;12;9
art_99;0.04;0.09;27.7;1;0;0.01;0.01;0.02;26.44;0.02;66;0.01;0.01;3;2;11;0.133;0.48;0.06;105;0;0.503;0.08;107;21;8423;0;7;17;5
art_100;0.01;0.07;32.4;0;0.01;0.01;0;0;30.13;0.02;65;0.01;0.03;2;2;13;0.127;0.55;0.08;84;0;0.476;0.04;101;22;10969;1;36;64;4
art_101;0.02;0.11;35.2;0;0;0.02;0.02;0.02;18.83;0.01;49;0.01;0.03;2;3;7;0.124;0.48;0.14;79;0;0.463;0.04;92;22;4856;0;21;50;5
art_102;0.01;0.14;42.9;0;0;0.01;0;0.01;19.47;0.02;17;0;0.01;2;2;5;0.103;0.5;0.03;1042;0.01;0.443;0.03;98;22;2786;0;18;54;1
art_103;0.01;0.15;35.8;0;0;0.01;0.01;0.01;18.22;0.02;35;0.01;0.07;3;2;11;0;0.47;0.04;69;0;0.36;0.03;98;22;9089;0;4;10;2
art_104;0.01;0.06;31;1;0.01;0.01;0.01;0.01;31.55;0.01;33;0.01;0.05;2;3;14;0.074;0.56;0.07;75;0;0.347;0.04;95;22;11235;0;53;102;3
art_105;0.01;0.16;31.1;0;0;0.02;0.01;0.02;22.99;0.01;38;0.02;0.07;3;4;8;0.042;0.26;0.07;75;0;0.431;0.04;98;22;5792;0;71;178;4
art_106;0.01;0.05;33.5;1;0;0.01;0.01;0.02;20.55;0.02;46;0.01;0;3;4;12;0.073;0.57;0.03;216;0;0.417;0.04;95;22;7971;0;11;24;5
art_108;0.01;0.13;29.3;0;0;0;0;0.01;24.82;0.02;57;0.01;0.02;3;2;9;0.038;0.5;0.04;17;0;0.376;0.04;92;22;7021;0;32;98;1
art_109;0.01;0.08;37.9;0;0;0;0;0.01;24.55;0.02;37;0.01;0.01;1;2;12;0.119;0.82;0.05;30;0;0.449;0.05;92;22;9923;0;121;235;7
art_110;0.01;0.05;29.7;0;0.01;0.01;0;0.02;32.87;0.04;12;0.02;0.02;2;4;9;0.104;0.35;0.07;93;0;0.445;0.05;95;22;5669;0;1;1;6
art_111;0.02;0.18;37.6;0;0.01;0.01;0;0.01;7.93;0.02;60;0.01;0.03;3;4;12;0.17;0.41;0.09;150;0;0.478;0.06;92;22;9776;0;26;50;4
art_112;0.01;0.08;34.9;1;0;0.02;0.01;0.01;10.67;0.01;39;0.01;0.04;4;4;8;0.09;0.55;0.12;72;0;0.42;0.04;92;22;5969;0;41;80;3
art_113;0.01;0.1;34.3;0;0;0;0;0.01;36.66;0.01;14;0.01;0.02;4;0;7;0.098;0.87;0.03;7;0;0.393;0.04;101;22;4667;1;105;240;2
art_114;0.01;0.24;42.4;0;0.01;0.03;0.01;0.02;28.44;0.02;40;0.01;0.01;3;4;7;0.12;0.65;0.09;52;0;0.503;0.05;95;22;4881;0;250;730;9
art_115;0.01;0.26;33.3;0;0.01;0.01;0.01;0.01;20.76;0.01;21;0.01;0.01;2;0;8;0.2;0.56;0.14;41;0;0.495;0.07;95;22;6186;0;35;70;7
art_116;0.01;0.46;29.3;0;0;0.01;0.01;0.01;33.28;0.02;22;0.01;0.08;2;3;7;0.109;0.39;0.1;134;0.01;0.546;0.03;95;22;5714;0;9;20;10
art_118;0.02;0.08;32.4;1;0;0.02;0.01;0.02;13.21;0.01;69;0.01;0.07;3;4;12;0.067;0.42;0.08;114;0;0.473;0.04;92;22;9307;0;9;17;2
art_119;0.01;0.07;35.7;0;0;0.01;0;0.01;18.32;0.01;132;0;0.02;4;4;14;0.122;0.56;0.05;234;0;0.443;0.04;101;22;10144;1;82;172;5
art_120;0.01;0.07;39.5;0;0;0.01;0.01;0.01;14.46;0.01;53;0.01;0.04;3;4;10;0.1;0.41;0.04;490;0;0.433;0.03;98;22;7156;0;44;88;3
art_121;0.01;0.15;35.4;0;0;0.01;0.01;0.01;18.62;0.02;148;0.01;0.04;3;3;16;0.096;0.36;0.07;321;0;0.433;0.05;95;22;12410;0;146;333;2
art_122;0.01;0.05;32.6;0;0.01;0;0.01;0.01;29.93;0.02;74;0;0.01;2;0;11;0.107;0.52;0.07;30;0;0.467;0.04;101;22;7747;1;51;98;3
art_124;0.01;0.14;34.7;1;0;0.02;0.02;0.01;36.25;0.01;20;0.01;0.03;2;2;9;0.041;0.44;0.08;227;0;0.474;0.04;95;22;5871;0;8;14;8
art_125;0.01;0.13;36.8;1;0;0.02;0.01;0.01;25.66;0.02;53;0.02;0.05;2;2;10;0.094;0.38;0.05;63;0;0.426;0.04;95;22;8527;0;11;20;4
art_127;0.01;0.24;38.9;0;0;0.02;0.01;0.01;15.07;0.01;47;0.01;0.01;4;3;8;0.146;0.66;0.06;155;0;0.501;0.04;92;22;5445;0;21;59;6
art_128;0.01;0.11;33.9;1;0;0.01;0.01;0.01;20.15;0.02;45;0.01;0.01;3;2;12;0.053;0.47;0.08;35;0;0.339;0.07;83;23;9957;0;8;20;1
art_129;0.02;0.08;31.1;0;0.01;0.01;0.01;0.01;22.99;0.02;40;0.02;0.03;3;4;7;0.038;0.67;0.2;45;0;0.398;0.04;83;23;5565;0;22;43;3
art_130;0.01;0.06;33.7;0;0;0.02;0.01;0.01;28.81;0.03;28;0.01;0.02;2;4;6;0.078;0.56;0.04;5578;0;0.391;0.04;80;23;4619;0;19;33;4
art_131;0.02;0.11;33.4;1;0;0.01;0.01;0.01;20.65;0.02;79;0.01;0.02;3;2;12;0.072;0.39;0.02;16;0;0.465;0.04;80;23;9924;0;70;151;3
art_132;0.01;0.08;37.2;0;0;0.01;0.01;0.01;25.26;0.02;30;0.01;0.01;2;0;5;0.076;0.72;0.04;44;0.01;0.415;0.04;89;23;4358;0;59;108;9
art_133;0.01;0.09;37.4;0;0;0.01;0.01;0.02;25.05;0.02;28;0.01;0.01;5;3;10;0.074;0.37;0.05;626;0;0.425;0.04;80;23;5011;0;3;12;7
art_134;0.01;0.13;32.3;0;0.01;0.01;0.01;0.01;21.77;0.02;63;0.01;0.03;3;3;15;0.13;0.53;0.23;17;0;0.48;0.05;89;23;12627;0;2;7;6
art_135;0.01;0.05;37.7;0;0;0.02;0.02;0.01;16.29;0.02;71;0;0.04;2;3;14;0.104;0.53;0.06;23;0;0.397;0.04;86;23;11077;0;38;89;2
art_136;0.01;0.26;29.9;0;0.01;0.02;0.02;0.02;32.67;0.01;37;0.01;0.01;3;2;5;0.198;0.77;0.2;13;0;0.462;0.03;80;23;3827;0;7;18;5
art_137;0.01;0.17;28.8;0;0;0;0;0.01;25.32;0.03;74;0.01;0.02;2;4;16;0.072;0.39;0.03;413;0;0.482;0.05;89;23;13255;0;1;5;1
art_138;0.01;0.11;36.3;0;0;0;0;0.01;17.71;0.02;61;0.01;0.11;2;4;7;0.038;0.33;0.04;10;0;0.472;0.05;89;23;5403;0;36;89;7
art_139;0.01;0.13;47.2;0;0.01;0.01;0.01;0.02;6.65;0.01;41;0.01;0.02;2;3;7;0.121;0.7;0.12;128;0;0.461;0.03;89;23;5759;0;16;38;8
art_140;0.01;0.16;31.1;0;0.01;0;0;0.01;31.45;0.01;25;0;0.01;3;3;5;0.112;0.56;0.09;323;0;0.352;0.04;80;23;4230;0;14;30;6
art_141;0.03;0.15;33;0;0;0.01;0;0.01;21.06;0.04;29;0.01;0.02;3;4;7;0.113;0.83;0.2;81;0;0.424;0.05;89;23;5047;0;13;26;10
art_142;0.03;0.26;35.8;1;0;0.01;0.01;0.02;18.22;0.02;50;0.01;0.02;3;2;15;0.112;0.36;0.2;94;0;0.46;0.05;89;23;11281;0;11;20;5
art_143;0.01;0.07;26;1;0;0.01;0.01;0.01;36.63;0.02;63;0.01;0.01;3;0;12;0.141;0.61;0.04;88;0;0.436;0.04;89;23;10717;0;13;28;2
art_144;0.01;0.1;28.9;0;0;0.01;0.01;0.02;25.22;0.02;55;0.01;0.03;3;2;12;0.052;0.34;0.23;12;0;0.419;0.04;83;23;6786;0;22;40;2
art_145;0.01;0.19;36.4;0;0;0.01;0;0.02;17.61;0.02;132;0.01;0.02;2;4;16;0.153;0.53;0.11;139;0;0.428;0.04;80;23;12451;0;46;101;2
art_146;0.01;0.12;42.4;0;0.01;0;0;0.01;19.98;0.01;88;0.01;0.03;3;4;19;0.111;0.47;0.09;26;0.01;0.461;0.04;86;23;15308;0;124;237;5
art_147;0.01;0.05;27;0;0.01;0.01;0.01;0.01;44.07;0.02;35;0.01;0.01;3;3;7;0.087;0.66;0.02;326;0.04;0.384;0.03;86;23;4987;0;78;165;1
art_149;0.01;0.05;25.1;1;0.01;0.02;0.02;0.04;37.54;0.02;13;0.01;0.02;2;2;7;0.107;0.94;0.04;176;0;0.494;0.04;86;23;4494;0;5;9;3
art_150;0.01;0.06;28;0;0;0.01;0.01;0.01;34.6;0.02;35;0.01;0.02;2;3;7;0.143;0.64;0.06;30;0.01;0.494;0.03;86;23;5295;0;6;13;4
art_151;0.01;0.07;33.3;0;0.01;0.01;0.01;0.01;29.22;0.03;25;0.01;0.02;2;4;11;0.136;0.55;0.08;142;0;0.447;0.05;89;23;9836;0;3;5;3
art_152;0.01;0.22;30.2;1;0.01;0.02;0.02;0.01;23.9;0.01;76;0.01;0.01;2;2;12;0.104;0.51;0.12;58;0;0.411;0.04;89;23;9574;0;8;18;4
art_153;0.01;0.13;33.1;1;0;0.02;0.01;0.02;20.96;0.01;62;0.01;0.01;2;3;13;0.131;0.45;0.04;167;0;0.411;0.03;68;24;7969;0;15;43;5
art_154;0;0.11;36.3;0;0;0;0;0.01;26.17;0.02;29;0.01;0.01;2;4;7;0.102;0.58;0.02;56;0.04;0.411;0.03;74;24;4216;1;105;223;5
art_155;0;0.03;35;0;0;0;0;0.01;19.03;0.01;26;0.01;0.11;4;4;5;0.024;0.67;0.02;105;0;0.405;0.03;71;24;3957;0;20;35;7
art_156;0.01;0.15;30.6;0;0;0.01;0.01;0.01;23.5;0.02;74;0.01;0.02;2;2;7;0.085;0.52;0.11;192;0;0.369;0.04;77;24;5026;0;27;52;7
art_157;0.01;0.2;33.5;0;0;0.01;0.01;0.02;29.01;0.01;50;0;0.03;3;2;6;0.181;0.74;0.15;65;0.01;0.467;0.04;71;24;4193;0;8;22;8
art_158;0.01;0.08;31.7;0;0;0.01;0.01;0.02;30.84;0.01;29;0.01;0.02;4;0;5;0.096;0.71;0.07;16;0.03;0.423;0.03;74;24;3903;1;12;26;9
art_159;0.01;0.06;41.5;1;0;0;0;0.01;20.89;0.01;53;0.01;0.02;4;4;15;0.144;0.57;0.13;211;0;0.466;0.05;71;24;10990;0;66;124;3
art_160;0.01;0.08;31.7;0;0;0.01;0.01;0.02;13.92;0.02;69;0.01;0.04;2;0;12;0.062;0.57;0.07;180;0.01;0.488;0.05;68;24;7774;0;6;18;6
art_161;0.01;0.05;30.7;0;0;0.01;0.01;0.01;31.85;0.02;26;0.01;0.03;4;3;8;0.05;0.72;0.03;119;0;0.438;0.06;77;24;6377;0;14;35;6
art_162;0.01;0.08;31.2;0;0;0.01;0;0.01;39.81;0.02;18;0.01;0.02;2;2;6;-0.092;0.57;0.07;22;0;0.598;0.06;77;24;4674;0;7;17;5
art_163;0.02;0.05;28;1;0.01;0.02;0.02;0.02;34.6;0.01;21;0.01;0.01;3;3;6;0.1;0.69;0.02;50;0;0.427;0.04;74;24;4640;1;38;88;2
art_164;0;0.15;29.5;0;0;0.02;0.01;0.01;24.61;0.02;38;0;0.01;3;2;7;0.163;0.66;0.12;124;0;0.449;0.04;71;24;5039;0;16;34;4
art_165;0.01;0.07;29.3;0;0;0.01;0.01;0.02;16.36;0.02;59;0;0.03;3;0;6;0.127;0.61;0.12;56;0.03;0.376;0.05;74;24;4490;1;10;24;6
art_166;0.01;0.39;39;0;0;0.01;0.01;0.02;14.97;0.01;66;0.01;0.01;3;2;7;0.157;0.69;0.09;289;0;0.516;0.04;74;24;5103;1;12;30;10
art_167;0.02;0.32;36.9;1;0.01;0.01;0.01;0.01;17.1;0.01;43;0.01;0.01;3;4;12;0.123;0.5;0.12;96;0;0.431;0.05;68;24;9265;0;12;15;3
art_168;0.01;0.26;34.1;0;0;0.01;0.01;0.02;28.4;0.02;73;0.01;0.02;3;0;16;0.161;0.43;0.11;62;0.01;0.471;0.06;68;24;12737;0;48;85;1
art_169;0.01;0.07;31.9;1;0.01;0.01;0.01;0.02;30.64;0.02;72;0.01;0.01;3;4;11;0.12;0.64;0.04;19;0;0.464;0.04;74;24;8079;1;20;39;3
art_170;0.01;0.07;34;0;0;0.01;0;0.01;11.59;0.01;25;0.02;0.03;2;4;7;0.067;0.82;0.21;13;0;0.413;0.02;68;24;4321;0;10;13;8
art_171;0.01;0.25;33.4;1;0.01;0.01;0.01;0.01;29.11;0.02;57;0.01;0.02;3;4;12;0.102;0.59;0.14;10;0;0.453;0.05;74;24;9889;1;16;31;8
art_172;0.03;0.17;54.4;0;0;0;0;0.01;-9.13;0.01;61;0.01;0.07;2;4;12;0.13;0.44;0.11;208;0;0.49;0.04;71;24;8980;0;3;6;2
art_173;0.05;0.21;37.1;0;0;0.01;0.01;0.02;16.9;0.02;85;0.01;0.03;2;3;14;0.098;0.52;0.18;267;0;0.433;0.03;77;24;10244;0;3;3;3
art_174;0.01;0.07;29.7;0;0;0.01;0.01;0.02;24.41;0.02;30;0.01;0.08;3;4;7;-0.002;0.38;0.06;42;0;0.459;0.04;71;24;4787;0;28;54;6
art_175;0.02;0.07;34.4;0;0;0.01;0;0.01;19.64;0.02;56;0.01;0.04;2;3;15;0.068;0.45;0.06;12;0;0.419;0.05;77;24;12762;0;8;10;2
art_176;0.01;0.05;30.1;1;0;0.01;0.01;0.01;40.92;0.01;22;0.01;0.01;2;0;8;0.036;0.77;0.04;35;0;0.402;0.04;74;24;6964;1;18;34;4
art_177;0.01;0.1;29.6;0;0;0.01;0.01;0.02;24.51;0.02;66;0.01;0.01;1;0;10;0.043;0.55;0.05;15;0.02;0.384;0.04;74;24;7288;1;11;20;7
art_178;0.02;0.38;34.4;0;0.01;0.01;0.01;0.02;11.18;0.02;39;0.01;0.02;2;2;7;0.128;0.54;0.12;28;0;0.435;0.05;68;24;4716;0;11;22;7
art_179;0.01;0.1;32.8;0;0;0;0;0.01;21.26;0.02;66;0.01;0.01;2;2;9;0.067;0.56;0.09;85;0.01;0.382;0.04;71;24;7209;0;22;31;5
art_180;0.01;0.05;36.4;0;0;0.02;0.01;0.01;17.61;0.01;64;0;0.01;4;0;11;0.081;0.56;0.04;187;0;0.518;0.06;68;24;8741;0;17;30;2
art_181;0.01;0.04;31;0;0;0.01;0;0.01;31.55;0.01;40;0.01;0.01;3;4;7;0.018;0.59;0.03;19;0;0.394;0.04;74;24;5665;1;17;51;1
art_182;0.02;0.29;33.5;1;0;0;0;0;29.01;0.02;34;0.01;0.01;1;3;8;0.094;0.44;0.15;88;0;0.397;0.05;68;24;5632;0;7;22;4
art_183;0.01;0.46;41.6;1;0;0.01;0.01;0.01;20.79;0.01;76;0;0.01;2;4;13;0.087;0.37;0.13;65;0;0.372;0.04;77;24;10307;0;16;33;4
art_184;0.01;0.06;28.2;0;0;0.01;0.01;0.01;34.39;0.01;32;0.01;0.05;5;0;7;0.009;0.72;0.05;160;0.02;0.416;0.05;71;24;4909;0;17;30;1
art_185;0.01;0.07;34;0;0.01;0;0;0.01;28.51;0.02;44;0.01;0.02;3;4;13;0.089;0.26;0.04;44;0;0.434;0.06;77;24;11140;0;23;51;1
art_186;0.01;0.08;34.4;1;0;0.01;0;0.01;28.1;0.01;32;0.01;0.02;3;2;5;0.066;0.48;0.06;26;0;0.4;0.06;62;25;4065;0;6;15;10
art_187;0.01;0.12;34.6;0;0;0.01;0.01;0.01;19.44;0.02;42;0.02;0.02;3;3;12;0.083;0.58;0.05;30;0;0.455;0.04;56;25;8645;0;4;7;5
art_188;0.02;0.06;36.4;1;0.01;0.01;0.01;0.01;17.61;0.02;34;0;0.02;2;4;8;0.102;0.54;0.03;303;0;0.405;0.05;59;25;5172;1;1;2;8
art_189;0.02;0.16;28.6;1;0;0.01;0.01;0.01;25.53;0.03;52;0.01;0.01;2;4;12;0.114;0.52;0.09;53;0;0.513;0.04;56;25;10359;0;17;27;6
art_190;0.01;0.11;43.3;1;0;0;0;0.01;10.61;0.01;170;0.01;0.03;3;4;25;0.121;0.4;0.06;50;0;0.464;0.03;62;25;17048;0;105;261;12
art_191;0.01;0.11;35.2;1;0;0;0;0.01;18.83;0.01;41;0.01;0.04;4;2;18;0.202;0.22;0.24;51;0;0.504;0.07;56;25;13177;0;20;34;4
art_192;0.01;0.1;32.1;0;0;0.02;0.01;0.01;13.51;0.01;47;0;0.07;2;1;7;-0.094;0.58;0.05;52;0;0.474;0.03;59;25;4977;1;17;25;9
art_193;0.01;0.12;34.8;0;0;0.01;0.01;0.02;19.23;0.02;99;0.01;0.03;3;3;14;0.079;0.51;0.08;65;0;0.393;0.05;59;25;11842;1;12;32;3
art_194;0.01;0.04;31.9;0;0;0.01;0;0.02;22.18;0.01;28;0.01;0.02;1;2;8;0.043;0.83;0.02;20;0;0.33;0.03;62;25;5172;0;14;34;11
art_195;0.03;0.11;38.1;0;0;0;0;0;15.88;0.02;43;0.01;0.02;1;2;17;0.084;0.67;0.08;28;0;0.434;0.05;62;25;12354;0;5;10;6
art_196;0.01;0.05;40.9;1;0;0.01;0.01;0.02;21.5;0.02;32;0.01;0.05;5;4;8;0.092;0.62;0.1;11;0;0.448;0.04;65;25;4951;0;85;209;7
art_197;0.01;0.06;28.4;0;0.01;0.01;0.01;0.01;42.65;0.02;33;0.02;0.03;2;4;6;0.015;0.62;0.04;72;0.01;0.457;0.05;62;25;4628;0;8;22;9
art_198;0.01;0.1;31.9;0;0;0.02;0.01;0.01;22.18;0.02;45;0.01;0;3;0;11;0.104;0.49;0.05;161;0;0.394;0.05;62;25;8541;0;4;12;4
art_199;0.01;0.06;40.1;1;0;0.01;0;0.01;13.85;0.01;50;0.01;0.01;2;4;11;0.082;0.72;0.03;82;0;0.281;0.05;59;25;7903;1;10;17;2
art_200;0.01;0.11;41.1;0;0.01;0;0;0.01;4.38;0.01;84;0.01;0;2;4;13;0.153;0.52;0.06;307;0;0.419;0.04;65;25;9978;0;48;110;2
art_201;0.01;0.05;28.6;0;0;0;0;0;33.99;0.02;34;0.01;0.03;1;4;6;0.105;0.47;0.05;37;0;0.43;0.04;56;25;3943;0;5;7;7
art_202;0.01;0.32;33.6;1;0.01;0.02;0.01;0.02;20.45;0.03;86;0.01;0.13;3;0;14;0.087;0.38;0.17;10;0;0.407;0.04;56;25;10058;0;13;31;1
art_203;0.01;0.03;38.1;0;0;0.01;0.01;0.01;32.8;0.02;19;0.01;0.01;2;0;12;0.09;0.45;0.02;18;0;0.442;0.05;65;25;10641;0;17;33;1
art_205;0.01;0.07;38.6;0;0;0.01;0.01;0.01;15.38;0.02;54;0.01;0.02;5;2;13;0.098;0.71;0.04;50;0;0.451;0.06;56;25;9503;0;121;192;8
art_206;0.01;0.09;31.7;0;0;0.03;0.02;0.02;13.92;0.02;60;0.01;0.02;2;0;14;0.107;0.4;0.08;36;0.03;0.442;0.06;56;25;10714;0;7;8;2
art_207;0.01;0.08;30.5;0;0;0.02;0.01;0.03;23.6;0.02;61;0.01;0.08;3;0;13;0.071;0.68;0.02;17;0.01;0.368;0.05;59;25;9610;1;5;14;6
art_208;0.01;0.1;30.6;0;0.01;0.01;0;0;15.04;0.01;40;0.01;0.01;2;2;10;0.132;0.52;0.11;44;0;0.438;0.05;65;25;6508;0;43;87;4
art_209;0.01;0.09;33;0;0;0.01;0.01;0.01;12.6;0.02;30;0.01;0.06;3;2;6;0.091;0.58;0.05;87;0;0.433;0.05;65;25;4152;0;5;12;6
art_210;0.01;0.09;38.4;0;0;0.01;0.01;0.01;24.04;0.01;33;0.01;0.02;3;2;10;0.091;0.65;0.06;47;0;0.429;0.06;62;25;8016;0;16;25;5
art_211;0.01;0.05;33;0;0;0.01;0.01;0.01;29.52;0.02;42;0.01;0.03;6;2;10;0.087;0.56;0.02;50;0;0.463;0.05;56;25;9084;0;37;68;10
art_213;0.02;0.07;33.4;0;0;0.01;0.01;0.01;20.65;0.02;145;0.01;0.02;2;0;17;0.141;0.54;0.15;197;0;0.546;0.04;65;25;12727;0;7;19;3
art_214;0.01;0.08;33.9;1;0;0.01;0.01;0.01;11.69;0.01;137;0.01;0.02;5;3;18;0.147;0.37;0.05;10;0;0.483;0.04;62;25;11880;0;124;239;2
art_215;0.01;0.08;34.5;1;0.01;0.01;0.01;0.01;28;0.02;42;0.01;0.04;3;2;11;0.067;0.53;0.05;22;0;0.392;0.04;65;25;8960;0;9;11;5
art_216;0.01;0.11;30.4;1;0;0.01;0.01;0.02;32.16;0.01;63;0.01;0.01;3;3;12;0.141;0.62;0.06;126;0;0.432;0.04;62;25;10043;0;15;41;1
art_217;0.01;0.05;41.7;1;0;0.01;0.02;0.01;20.69;0.02;30;0.01;0.01;3;2;7;0.118;0.52;0.03;73;0;0.44;0.04;59;25;5624;1;14;22;7
art_218;0.01;0.07;34.4;0;0;0.01;0.01;0.01;19.64;0.02;39;0.01;0.02;3;2;10;0.109;0.62;0.03;339;0;0.384;0.04;59;25;5367;1;5;13;11
art_219;0.03;0.26;35.3;0;0;0.01;0.01;0.02;27.19;0.01;29;0.01;0.01;3;4;7;0.113;0.47;0.34;11;0;0.391;0.04;62;25;5396;0;4;7;8
art_220;0.03;0.06;34.6;0;0.01;0;0;0.01;27.9;0.03;47;0.01;0.05;2;4;9;0.052;0.52;0.07;199;0;0.527;0.05;62;25;6789;0;3;3;7
art_222;0.02;0.07;33.4;0;0;0;0;0;20.65;0.02;101;0.01;0.01;1;3;15;0.151;0.36;0.07;99;0.01;0.479;0.05;56;25;11018;0;5;14;3
art_223;0.02;0.13;41.1;0;0.01;0;0;0;21.3;0.02;42;0.01;0.02;4;2;16;0.13;0.54;0.11;18;0;0.411;0.05;59;25;12657;1;17;30;1
art_224;0.01;0.08;41;1;0;0.01;0.01;0.01;21.4;0.02;119;0.01;0.05;2;4;13;0.084;0.38;0.06;56;0;0.482;0.05;59;25;10649;1;8;8;5
art_225;0.01;0.09;26.8;0;0;0.01;0.01;0.01;35.81;0.01;85;0.01;0.05;4;3;11;0.08;0.44;0.05;80;0.02;0.372;0.05;62;25;7766;0;9;17;3
art_226;0.01;0.07;32.6;0;0.01;0.01;0.01;0.01;29.93;0.02;22;0.01;0.02;2;3;6;0.063;0.43;0.09;170;0;0.385;0.05;59;25;4398;1;6;18;10
art_227;0.01;0.17;28.7;0;0;0.01;0;0.01;16.96;0.01;67;0;0.01;2;4;9;0.121;0.55;0.14;94;0;0.323;0.04;59;25;7456;1;6;9;4
art_228;0.01;0.06;32.6;0;0;0;0;0.01;29.93;0.02;68;0.01;0.04;2;0;12;0.12;0.51;0.03;147;0;0.391;0.05;44;26;9499;0;17;36;3
art_229;0.01;0.38;28.4;0;0;0.01;0.01;0.01;17.27;0.01;44;0.01;0.05;3;2;10;0.094;0.42;0.02;225;0;0.466;0.03;53;26;7633;0;8;19;3
art_230;0.01;0.07;33.7;1;0;0.01;0.01;0.02;11.89;0.01;105;0.01;0.02;4;3;13;0.087;0.54;0.05;82;0;0.521;0.04;44;26;9658;0;5;10;5
art_231;0;0.06;35;0;0;0.01;0.01;0.01;27.49;0.01;39;0.01;0.01;4;4;7;0.106;0.62;0.06;60;0.01;0.474;0.05;50;26;4443;0;11;25;5
art_232;0.02;0.09;36.9;1;0;0.01;0.01;0.01;17.1;0.01;38;0.01;0.01;3;4;7;0.151;0.52;0.09;185;0;0.481;0.02;50;26;5024;0;4;9;7
art_233;0.02;0.15;34.8;1;0;0.01;0.01;0.02;19.23;0.02;84;0.01;0.07;3;3;12;0.074;0.34;0.16;115;0;0.447;0.04;53;26;9918;0;8;18;4
art_234;0.01;0.07;32.3;0;0;0.01;0.01;0.02;21.77;0.02;24;0.01;0.01;2;3;8;0.142;0.48;0.02;279;0;0.487;0.04;47;26;4164;0;7;13;9
art_235;0.01;0.15;28.5;0;0;0.01;0.01;0.02;34.09;0.02;48;0.01;0.01;4;3;17;0.127;0.43;0.02;145;0;0.439;0.03;47;26;12604;0;4;6;5
art_236;0.01;0.11;36.2;0;0.01;0.01;0.01;0.01;26.27;0.02;23;0;0.01;2;4;7;0.135;0.44;0.11;149;0;0.483;0.03;44;26;4014;0;11;18;8
art_237;0;0.09;30.7;1;0;0;0;0.01;31.85;0.02;33;0.01;0.02;3;0;6;0.151;0.61;0.07;144;0;0.47;0.03;53;26;4427;0;4;7;8
art_238;0.03;0.31;27.1;1;0.01;0;0;0;27.05;0.02;45;0.01;0.07;1;3;6;0.138;0.77;0.23;207;0;0.53;0.04;53;26;4234;0;6;9;9
art_239;0.01;0.09;37.1;1;0.01;0;0;0.01;25.36;0.02;32;0.01;0.01;2;2;7;0.028;0.53;0.09;708;0;0.608;0.05;44;26;4717;0;3;7;9
art_240;0.02;0.05;36.5;1;0;0.01;0.01;0.02;17.51;0.01;44;0.01;0.01;4;4;8;0.077;0.45;0.11;2593;0;0.375;0.04;44;26;6425;0;30;57;2
art_241;0.01;0.05;39.8;0;0;0.02;0.02;0.02;14.16;0.02;56;0.01;0.01;2;4;12;0.104;0.55;0.08;212;0;0.417;0.04;53;26;9760;0;2;9;5
art_243;0.01;0.15;33.8;0;0.01;0;0;0;20.25;0.02;91;0.01;0.02;1;3;14;0.148;0.41;0.08;94;0;0.479;0.04;53;26;10018;0;18;26;6
art_244;0.01;0.1;38;0;0;0.01;0.01;0.01;15.99;0.02;66;0.01;0.14;2;4;13;0.102;0.46;0.05;60;0;0.433;0.05;50;26;10154;0;6;13;1
art_245;0.01;0.05;48.2;0;0;0.01;0.01;0.01;5.63;0.01;112;0;0.04;3;2;19;0.077;0.35;0.02;426;0;0.439;0.03;50;26;13207;0;17;33;2
art_246;0.01;0.11;35.2;1;0;0.01;0.01;0.01;10.37;0.02;36;0.01;0.07;2;3;6;0.084;0.63;0.06;203;0;0.408;0.04;44;26;4044;0;5;16;7
art_247;0.02;0.31;37.6;0;0;0.02;0.01;0.02;16.39;0.02;52;0.01;0.07;3;4;11;0.064;0.63;0.15;343;0;0.493;0.04;50;26;7931;0;3;11;4
art_248;0.01;0.53;34.6;1;0.01;0.01;0.01;0.02;27.9;0.01;77;0.01;0.03;2;0;14;0.134;0.49;0.2;77;0.01;0.417;0.04;47;26;11806;0;5;10;7
art_249;0.02;0.05;30.5;0;0;0.02;0.02;0.02;32.06;0.02;37;0.01;0.01;2;3;6;0.07;0.5;0.08;153;0.02;0.464;0.04;47;26;4178;0;9;18;8
art_250;0.01;0.17;39.9;0;0;0.01;0.01;0.01;-2.87;0.02;19;0;0.02;2;0;10;0.099;0.76;0.07;670;0;0.43;0.03;44;26;6899;0;6;9;6
art_251;0.02;0.12;33.6;1;0;0;0;0;28.91;0.02;63;0.01;0.01;1;3;15;0.088;0.49;0.1;82;0;0.435;0.05;53;26;12974;0;2;6;1
art_252;0.01;0.1;36.4;1;0;0.01;0.01;0.01;17.61;0.01;74;0;0.01;2;2;12;0.117;0.37;0.19;55;0;0.439;0.08;44;26;9108;0;8;11;1
art_253;0.01;0.07;34.9;1;0;0.01;0.01;0.01;10.67;0.02;65;0.01;0.01;3;4;13;0.116;0.45;0.08;81;0;0.463;0.03;44;26;9624;0;11;16;4
art_254;0.01;0.06;36.9;1;0;0.01;0.01;0.01;0.18;0.02;46;0.01;0.03;2;3;9;0.054;0.5;0.04;161;0;0.493;0.02;50;26;5421;0;13;20;6
art_255;0.01;0.05;29.9;0;0;0.01;0.01;0.01;24.21;0.01;36;0;0.01;2;2;7;0.097;0.56;0.02;98;0.02;0.349;0.04;44;26;4369;0;17;29;10
art_256;0.01;0.12;29.5;0;0;0.01;0;0.01;24.61;0.02;77;0.01;0.02;2;0;11;0.083;0.74;0.06;101;0;0.428;0.04;47;26;9242;0;5;7;2
art_257;0.01;0.47;38.4;0;0;0.01;0.01;0.01;24.04;0.02;52;0.01;0.02;3;4;11;0.091;0.42;0.2;59;0.01;0.456;0.05;53;26;8607;0;9;11;2
art_258;0.03;0.08;33.5;0;0;0.01;0;0.01;20.55;0.03;79;0.03;0.06;3;3;13;0.064;0.41;0.14;158;0.02;0.43;0.04;47;26;10224;0;14;22;6
art_259;0.01;0.07;29.9;1;0.01;0.02;0.01;0.02;24.21;0.01;62;0.01;0.02;3;4;12;0.067;0.6;0.04;228;0.03;0.462;0.04;47;26;8780;0;8;17;4
art_260;0.01;0.07;26.8;0;0.01;0.02;0.01;0.02;27.35;0.02;37;0.01;0.02;2;2;9;0.061;0.52;0.04;120;0;0.424;0.05;53;26;6808;0;6;15;7
art_261;0.01;0.11;37.6;1;0;0.01;0.01;0.01;16.39;0.03;42;0.02;0.05;3;2;12;0.04;0.54;0.07;147;0.01;0.466;0.07;47;26;9468;0;16;39;3
art_262;0.01;0.08;33;0;0;0.01;0.01;0.01;21.06;0.01;120;0.01;0.1;4;4;17;0.14;0.48;0.05;107;0;0.463;0.06;50;26;12162;0;19;38;3
art_263;0.02;0.09;32.8;0;0;0.01;0;0.01;4.34;0.01;38;0.01;0.02;4;2;6;0.028;0.51;0.1;81;0;0.385;0.04;41;27;4133;0;5;12;6
art_264;0.01;0.06;34.8;0;0;0.01;0.01;0.01;27.69;0.01;130;0.01;0.01;2;2;14;0.091;0.57;0.02;95;0;0.415;0.04;35;27;11366;0;2;1;3
art_265;0.01;0.61;41.7;0;0.01;0.01;0.01;0.01;20.69;0.02;80;0.01;0.02;2;4;15;0.052;0.42;0.35;280;0;0.423;0.04;35;27;10142;0;5;14;2
art_266;0.01;0.1;28.7;0;0;0.02;0.02;0.02;25.42;0.01;28;0.03;0.04;3;0;6;-0.003;0.57;0.03;141;0;0.359;0.04;32;27;4070;0;1;3;4
art_267;0.01;0.12;28.8;1;0;0.01;0.01;0.02;16.86;0.02;67;0.01;0.02;3;4;11;0.072;0.38;0.09;118;0;0.32;0.05;41;27;8324;0;32;57;3
art_268;0;0.05;31.5;0;0;0.02;0.01;0.02;39.5;0.04;51;0.01;0.02;3;2;10;0.097;0.5;0.03;81;0.01;0.448;0.06;38;27;8470;0;2;8;5
art_269;0.01;0.09;37.2;0;0;0.02;0.01;0.01;8.34;0.02;40;0.01;0.03;3;0;9;0.136;0.77;0.1;154;0;0.479;0.04;32;27;4874;0;7;7;3
art_270;0.01;0.12;32.4;1;0;0.01;0;0.01;13.21;0.02;109;0.01;0.01;3;3;13;0.103;0.32;0.11;185;0;0.416;0.03;38;27;10042;0;1;3;7
art_271;0.01;0.09;36.1;0;0;0.01;0.01;0.02;26.37;0.01;40;0.01;0.03;3;2;7;0.099;0.66;0.15;264;0;0.449;0.04;35;27;4509;0;9;24;6
art_272;0.01;0.08;34.3;1;0;0.01;0.01;0.01;11.28;0.01;71;0.01;0.02;3;2;11;0.082;0.5;0.03;93;0;0.418;0.03;41;27;8271;0;15;25;2
art_273;0.01;0.05;31.8;0;0.01;0.01;0.01;0.02;30.74;0.02;25;0.01;0.01;3;4;5;0.084;0.54;0.02;102;0;0.416;0.04;35;27;3883;0;2;4;5
art_274;0.01;0.12;32.8;0;0.01;0.01;0.01;0.01;29.72;0.02;109;0.01;0.02;3;2;11;0.041;0.48;0.05;220;0;0.434;0.06;38;27;8588;0;4;6;4
art_275;0.01;0.13;38.4;1;0;0.01;0.01;0.02;15.58;0.02;35;0.01;0.05;3;2;5;0.039;0.58;0.06;153;0;0.375;0.03;38;27;3957;0;0;1;8
art_276;0.01;0.07;36.8;0;0;0.01;0.01;0.01;8.74;0.01;79;0.01;0.01;4;2;12;0.101;0.56;0.03;108;0;0.386;0.04;32;27;8939;0;7;10;2
art_277;0.01;0.38;32;0;0;0.01;0.01;0.01;22.08;0.01;41;0.01;0.01;2;2;9;0.106;0.33;0.36;345;0;0.463;0.05;41;27;7866;0;19;49;5
art_278;0.01;0.06;36;0;0;0;0;0.02;9.56;0.01;45;0.01;0.08;3;4;8;0.055;0.54;0.02;177;0;0.354;0.05;41;27;4288;0;12;15;7
art_279;0.01;0.06;30.9;0;0;0.01;0.01;0.01;14.73;0.02;73;0.01;0.02;2;4;12;0.064;0.44;0.06;101;0.01;0.346;0.02;32;27;8004;0;26;46;1
art_280;0;0.18;37.1;0;0;0.01;0.01;0.01;16.9;0.02;59;0;0.01;2;3;7;0.127;0.49;0.16;80;0;0.309;0.04;38;27;4191;0;5;8;9
art_281;0.02;0.06;33.7;1;0;0.02;0.01;0.01;11.89;0.02;75;0.01;0.05;4;1;12;0.076;0.49;0.12;125;0;0.457;0.03;38;27;8593;0;9;17;6
art_282;0.01;0.05;34.3;1;0;0.03;0.02;0.01;28.2;0.02;58;0.01;0.04;3;4;7;0.112;0.56;0.04;343;0.01;0.486;0.04;35;27;4184;0;2;4;4
art_283;0.01;0.1;30.8;0;0;0.02;0.02;0.01;23.29;0.02;76;0.01;0.1;3;2;10;0.04;0.55;0.07;165;0.02;0.461;0.05;38;27;7238;0;6;17;2
art_284;0.01;0.05;32;1;0;0.01;0.01;0.02;30.54;0.02;63;0.01;0.04;4;0;12;0.045;0.62;0.03;229;0;0.357;0.04;38;27;9304;0;12;15;3
art_285;0.01;0.04;30.2;0;0;0.01;0;0.01;15.44;0.01;34;0.01;0;3;2;8;0.08;0.39;0.03;204;0;0.442;0.05;38;27;5437;0;9;15;10
art_286;0.02;0.06;32.8;0;0;0.01;0.01;0.02;21.26;0.02;68;0.03;0.01;3;2;12;-0.024;0.51;0.17;77;0;0.562;0.04;38;27;9711;0;9;13;1
art_287;0.01;0.06;33.7;0;0;0.02;0.02;0.01;20.35;0.02;46;0.01;0.01;2;3;9;0.054;0.56;0.02;196;0;0.353;0.04;41;27;5871;0;3;5;4
art_289;0.01;0.07;31.3;0;0;0.02;0.02;0.02;31.25;0.01;41;0.01;0.01;2;3;9;0.067;0.56;0.04;176;0;0.428;0.04;41;27;7428;0;25;43;1
art_290;0.02;0.07;30;0;0;0.02;0.01;0.02;24.11;0.01;94;0.01;0.05;3;3;14;0.064;0.59;0.02;162;0;0.402;0.04;35;27;8221;0;7;20;1
art_291;0.01;0.06;31.7;1;0;0.01;0.01;0.01;30.84;0.01;56;0.01;0.06;4;3;14;0.07;0.5;0.03;130;0;0.4;0.06;26;28;8349;1;3;10;7
art_292;0.01;0.06;28.3;0;0;0;0;0.01;42.75;0.02;30;0.01;0.01;3;2;11;0.108;0.81;0.1;120;0;0.433;0.05;26;28;6357;1;4;19;1
art_293;0.01;0.07;30.8;0;0;0.03;0;0.01;23.29;0.01;80;0.01;0.01;2;3;21;0.115;0.54;0.12;147;0;0.413;0.04;29;28;8104;0;12;22;4
art_294;0.01;0.07;32.2;0;0;0.01;0.01;0.01;21.87;0.03;67;0.02;0.07;2;2;15;0.075;0.84;0.04;145;0.01;0.365;0.04;29;28;8597;0;5;10;2
art_295;0.01;0.11;30.4;1;0;0.01;0;0.02;23.7;0.01;58;0.01;0.01;2;2;14;0.081;0.66;0.1;270;0;0.446;0.04;29;28;8800;0;3;4;5
art_296;0;0.15;44.5;1;0.01;0.01;0.01;0.02;17.85;0.01;74;0.01;0.01;5;4;20;0.145;0.58;0.05;1750;0;0.444;0.03;20;28;9929;0;6;10;7
art_297;0.02;0.12;29.7;0;0.01;0.01;0.01;0.01;32.87;0.01;64;0.01;0.01;2;2;18;0.125;0.6;0.14;154;0.01;0.434;0.05;20;28;11174;0;1;3;3
art_298;0.01;0.06;28.3;1;0;0.02;0.03;0.02;25.83;0.01;30;0;0.06;3;2;7;0.114;0.69;0.09;116;0;0.398;0.04;23;28;4069;0;1;1;5
art_299;0.01;0.23;38.5;1;0.01;0.01;0;0.02;23.94;0.01;66;0.01;0.04;3;2;16;0.148;0.53;0.14;590;0;0.435;0.05;26;28;10061;1;3;5;5
art_300;0.01;0.06;39.3;1;0;0.01;0.01;0.02;23.13;0.01;97;0;0.02;3;4;18;0.07;0.45;0.03;160;0;0.425;0.04;23;28;10342;0;25;31;1
art_301;0.02;0.06;34.8;0;0;0.01;0.01;0.02;27.69;0.03;86;0.02;0.02;2;4;14;0.041;0.43;0.14;198;0.02;0.422;0.04;20;28;8808;0;1;1;6
art_302;0.01;0.11;31.4;1;0;0.02;0.01;0.02;31.14;0.02;118;0.01;0.02;5;4;20;0.073;0.48;0.04;244;0;0.417;0.04;26;28;11529;1;5;6;4
art_303;0.01;0.12;28.4;0;0;0.01;0.01;0.02;25.73;0.02;71;0.01;0.08;2;3;14;0.063;0.62;0.06;167;0.01;0.437;0.04;20;28;7846;0;1;1;4
art_304;0.01;0.06;43.8;0;0;0.02;0.01;0.01;27.02;0.02;25;0.01;0;2;3;7;0.068;0.51;0.02;202;0;0.397;0.04;20;28;3902;0;2;2;8
art_305;0.01;0.11;35.1;1;0;0.01;0.01;0.02;18.93;0.03;52;0.02;0.02;3;3;18;0.074;0.89;0.11;189;0;0.444;0.05;26;28;10954;1;7;12;6
art_306;0.01;0.17;33.4;1;0;0.01;0;0.02;20.65;0.01;82;0.01;0.07;1;3;15;0.043;0.46;0.04;216;0;0.34;0.04;23;28;8580;0;2;3;4
art_307;0.01;0.13;40.7;0;0;0.01;0.01;0.01;21.7;0.01;99;0.01;0.01;3;4;24;0.096;0.47;0.09;479;0;0.455;0.03;23;28;14330;0;2;8;2
art_308;0.01;0.32;37;1;0;0.01;0.01;0.01;25.46;0.02;70;0.01;0.04;2;2;16;0.104;0.57;0.09;108;0.02;0.446;0.05;29;28;9620;0;2;7;1
art_309;0.01;0.11;34.9;1;0;0.01;0.01;0.02;27.59;0.01;28;0.01;0.02;4;3;8;0.073;0.92;0.04;476;0;0.411;0.03;26;28;3909;1;6;9;8
art_310;0.03;0.11;34.6;1;0;0.01;0.01;0.02;27.9;0.01;45;0.02;0.04;4;3;12;0.046;0.57;0.04;211;0;0.405;0.04;23;28;7170;0;5;8;3
art_311;0.02;0.2;32.9;1;0;0.03;0.02;0.01;21.16;0.02;108;0.01;0.03;2;0;18;0.06;0.53;0.1;126;0;0.394;0.04;26;28;11639;1;4;11;3
art_312;0.01;0.06;33;0;0;0.01;0.01;0.01;37.98;0.02;36;0.01;0;4;2;7;0.169;0.9;0.02;250;0;0.43;0.04;29;28;4027;0;3;8;7
art_313;0.02;0.09;35.6;0;0;0.02;0.01;0.02;18.42;0.01;57;0.02;0.01;2;3;20;0.082;0.4;0.05;130;0;0.446;0.05;29;28;10881;0;7;9;3
art_314;0.03;0.21;37.2;1;0;0.01;0;0.01;25.26;0.02;31;0.01;0.02;3;0;8;0.184;0.78;0.26;135;0;0.42;0.03;20;28;4656;0;1;2;9
art_315;0.01;0.1;34.2;0;0;0.01;0.01;0.01;28.3;0.02;44;0.01;0.11;3;4;8;0.107;0.59;0.04;170;0.01;0.471;0.04;26;28;4587;1;5;9;9
art_316;0.01;0.27;37;1;0;0;0;0.02;17;0.01;93;0.01;0.04;3;4;18;0.071;0.47;0.18;182;0;0.35;0.03;26;28;10366;1;5;5;2
art_317;0;0.14;32.5;0;0;0.01;0.01;0.01;38.49;0.01;49;0.01;0.01;3;0;16;0.102;0.43;0.13;387;0;0.484;0.07;20;28;9161;0;2;6;5
art_318;0.01;0.14;27.8;0;0.01;0.01;0.01;0.02;34.8;0.02;29;0.01;0.01;3;2;7;0.138;0.94;0.05;48;0;0.426;0.04;29;28;4025;0;5;6;6
art_319;0.01;0.07;29;0;0;0;0.01;0.01;33.58;0.02;62;0.01;0.01;4;2;8;0.096;0.65;0.03;1789;0;0.434;0.04;29;28;4053;0;5;8;8
art_320;0.01;0.2;34.4;1;0;0;0;0.01;28.1;0.03;91;0.01;0.04;3;4;17;0.161;0.75;0.06;193;0.03;0.481;0.04;20;28;9465;0;1;2;2
art_321;0.01;0.03;35.4;0;0;0.01;0.01;0.01;35.54;0.02;51;0.03;0.02;3;2;16;0.06;0.61;0.06;399;0;0.499;0.04;20;28;9842;0;1;1;1
art_322;0.01;0.05;27.2;0;0;0.02;0.01;0.01;35.41;0.02;24;0.01;0.01;2;2;6;0.074;0.84;0.06;80;0;0.448;0.03;20;28;3950;0;1;1;10
art_326;0.01;0.06;42.4;0;0;0.01;0.01;0.01;19.98;0.01;32;0.01;0.02;3;2;9;0.074;0.76;0.01;193;0;0.397;0.04;17;29;4917;0;6;11;4
art_327;0.01;0.1;28.9;1;0;0;0;0.02;25.22;0.01;25;0.01;0.03;2;2;9;0.056;0.8;0.07;64;0.01;0.379;0.04;11;29;4747;0;1;1;4
art_328;0.01;0.17;34.2;0;0;0.01;0.01;0.01;28.3;0.01;25;0.01;0;3;2;8;0.145;0.53;0.12;171;0;0.425;0.03;11;29;4074;0;1;2;8
art_329;0.02;0.44;30.3;0;0;0.01;0.01;0.01;32.26;0.02;65;0.01;0.02;2;0;19;0.146;0.45;0.27;243;0;0.429;0.04;14;29;12437;0;1;2;1
art_330;0.01;0.05;39.8;1;0;0.02;0.01;0.02;14.16;0.02;82;0.01;0.01;3;4;20;0.095;0.54;0.09;84;0;0.43;0.03;17;29;8907;0;4;5;3
art_331;0.01;0.06;46.2;1;0.01;0.01;0.01;0.01;16.12;0.02;62;0.01;0.02;2;3;16;0.105;0.39;0.06;143;0;0.443;0.03;14;29;9786;0;1;4;3
art_334;0.01;0.06;30.7;1;0;0;0;0.01;40.31;0.01;29;0.01;0.03;3;2;8;0.053;0.42;0.03;163;0.01;0.386;0.03;17;29;4391;0;1;1;5
art_335;0.01;0.08;34;0;0.01;0.01;0.01;0.02;20.05;0.02;41;0;0.04;4;0;9;0.085;0.49;0.05;151;0;0.516;0.04;8;29;4250;0;0;0;5
art_337;0.01;0.04;30.1;0;0;0.01;0.01;0.02;40.92;0.01;45;0.01;0.05;2;3;18;0.174;0.51;0.06;598;0;0.478;0.06;11;29;9690;0;0;0;3
art_338;0.01;0.09;33.9;0;0.01;0;0;0.01;20.15;0.01;102;0.01;0.01;5;4;20;0.104;0.94;0.09;1040;0;0.437;0.03;11;29;13478;0;0;0;1
art_339;0.01;0.06;32.2;0;0;0;0;0.02;30.33;0.01;30;0.01;0.01;4;2;8;0.078;0.78;0.07;4064;0;0.421;0.03;14;29;4861;0;2;5;5
art_340;0.03;0.08;31.2;1;0;0.01;0.01;0.01;31.35;0.03;93;0.01;0.02;2;2;18;0.12;0.47;0.04;320;0;0.485;0.04;8;29;10935;0;0;0;4
art_341;0.01;0.07;37.2;1;0;0.01;0.01;0.02;25.26;0.01;93;0.01;0.02;4;4;16;0.069;0.45;0.05;100;0;0.398;0.05;11;29;9408;0;1;2;2
art_342;0.01;0.12;30.1;1;0;0.02;0.01;0.02;32.46;0.02;41;0.01;0.04;2;2;10;0.147;0.5;0.06;2069;0.01;0.511;0.04;11;29;5233;0;0;1;7
art_344;0.01;0.27;27.5;0;0;0;0;0.01;35.1;0.02;41;0.01;0.01;3;2;9;0.158;0.62;0.27;206;0.01;0.474;0.04;17;29;5229;0;3;4;6
art_345;0.01;0.07;32.8;0;0;0.01;0.01;0.02;29.72;0.02;49;0.02;0.02;2;2;8;-0.022;0.45;0.04;393;0;0.502;0.05;11;29;4631;0;0;1;6
art_346;0;0.05;42.6;0;0;0.02;0.01;0.02;19.78;0.01;29;0.01;0.02;6;4;13;0.043;0.79;0.03;32;0.02;0.426;0.04;14;29;5791;0;3;4;6
art_347;0.01;0.07;34.1;1;0;0.01;0.01;0.02;19.94;0.02;51;0;0.05;3;4;18;0.084;0.82;0.04;79;0;0.395;0.07;14;29;11186;0;1;3;2
art_348;0.01;0.06;40.8;0;0;0;0;0.01;21.6;0.03;36;0.02;0.03;2;4;18;0.072;0.41;0.05;176;0;0.427;0.05;17;29;11290;0;2;4;1
art_349;0.02;0.35;38;1;0.01;0.01;0;0.01;24.45;0.02;28;0.01;0.01;4;3;7;0.105;0.59;0.23;149;0;0.464;0.04;11;29;4178;0;1;1;5
art_350;0.01;0.08;29.7;1;0.01;0;0;0.01;32.87;0.02;58;0.01;0.01;1;2;16;0.153;0.44;0.07;123;0;0.467;0.05;17;29;8836;0;4;3;2
art_352;0.01;0.21;36.5;1;0;0.01;0.01;0.01;17.51;0.02;65;0.01;0.01;2;4;19;0.178;0.81;0.04;56;0;0.491;0.05;5;30;11572;0;1;1;3
art_353;0.01;0.07;34.6;1;0;0;0;0;19.44;0.02;83;0;0.01;2;2;20;0.066;0.65;0.05;116;0;0.442;0.03;5;30;12665;0;0;1;1
art_354;0.01;0.07;34.9;0;0;0.01;0.01;0.01;19.13;0.02;53;0.01;0.04;3;3;14;0.08;0.56;0.09;364;0;0.431;0.03;5;30;5439;0;1;1;7
art_355;0;0.05;35.9;1;0;0;0;0.02;18.12;0.01;82;0;0.02;2;2;15;0.132;0.43;0.05;98;0;0.394;0.05;5;30;9040;0;0;0;2
art_356;0.01;0.09;32.8;0;0;0;0;0.01;29.72;0.02;65;0.01;0.13;3;2;16;0.032;0.62;0.03;80;0;0.327;0.04;5;30;9380;0;0;0;4
art_357;0.01;0.09;30.3;0;0;0.01;0;0.01;23.8;0.01;107;0.01;0.04;2;2;18;0.049;0.45;0.03;208;0;0.513;0.05;5;30;11020;0;0;0;5
art_358;0.01;0.05;56.1;0;0;0.01;0;0.01;6.07;0.01;106;0;0.01;3;4;28;0.108;0.35;0.04;211;0.01;0.427;0.03;5;30;9307;0;1;1;6
